Business License Number,Business Name,DBA,Business Status,Business License Type,Business License Classification,Business License Status,Business License Year,Business License Issued Date,Business License Expiration Date
STR-025706-2025,107 TURNBUCKLE CT LLC,107 TURNBUCKLE CT,Active,Short Term Rental,STR - Short Term Rental,Renewed,2026,7/23/2026,6/30/2027
STR-024957,120 BLUELAKE BLVD.,120 BLUELAKE BLVD.,Active,Short Term Rental,STR - Short Term Rental,Renewed,2026,7/14/2026,6/30/2027
STR-025998-2025,1224 WILMINGTON ISLAND RD LLC,1224 WILMINGTON ISLAND ROAD,Active,Short Term Rental,STR - Short Term Rental,Renewed,2026,7/14/2026,6/30/2027
STR-025830-2025,13 EARL COURT LLC,13 EARL CT,Active,Short Term Rental,STR - Short Term Rental,Renewed,2026,8/3/2026,6/30/2027
STR-025938-2025,152 S. ROBINHOOD LLC  (MONICA L CHAPMAN),152 S ROBINHOOD DR,Active,Short Term Rental,STR - Short Term Rental,Renewed,2026,7/22/2026,6/30/2027
STR-026340-2026,"1521 WALTHOUR RD, LLC.",1521 WALTHOUR RD.,Active,Short Term Rental,STR - Short Term Rental,Renewed,2027,6/22/2026,6/30/2027
STR-025111,"17 THIRTY-TWO, LLC.",2 DELFORD CT.,Applied,Short Term Rental,STR - Short Term Rental,Renewed,2026,8/4/2026,6/30/2027
STR-025602-2025,1790 OGLETHORPE LLC,212 BATTERY WAY,Active,Short Term Rental,STR - Short Term Rental,Renewed,2026,7/21/2026,6/30/2027
STR-026577-2026,"18 SHEFTALL COVE, LLC.",18 SHEFTALL CV.,Active,Short Term Rental,STR - Short Term Rental,Issued,2026,8/4/2026,6/30/2027
STR-025766-2025,1940 STONE STREET LLC,1940 STONE STREET,Active,Short Term Rental,STR - Short Term Rental,Renewed,2026,7/22/2026,6/30/2027
STR-026496-2026,"1BRANSBYDR, LLC.",1 BRANSBY DR.,Active,Short Term Rental,STR - Short Term Rental,Issued,2026,6/23/2026,6/30/2027
STR-026183-2025,214 EAST POINT DRIVE LLC.,214 EAST POINT DRIVE LLC.,Active,Short Term Rental,STR - Short Term Rental,Renewed,2026,6/29/2026,6/30/2027
STR-025718-2025,22 SAPELO LLC,22 SAPELO RD,Active,Short Term Rental,STR - Short Term Rental,Renewed,2026,7/21/2026,6/30/2027
STR-024970,3 PENROSE DR W,3 PENROSE DR W - MAIN HOUSE,Active,Short Term Rental,STR - Short Term Rental,Renewed,2026,7/21/2026,6/30/2027
STR-024969,3 PENROSE DR W,3 PENROSE DR W - COTTAGE,Active,Short Term Rental,STR - Short Term Rental,Renewed,2026,7/21/2026,6/30/2027
STR-025958-2025,"302 QUARTERMAN DR, LLC.",302 QUARTERMAN DR.,Active,Short Term Rental,STR - Short Term Rental,Renewed,2026,6/29/2026,6/30/2027
STR-026429-2026,302 SUGAR TREE COURT,302 SUGAR TREE COURT,Active,Short Term Rental,STR - Short Term Rental,Issued,2026,5/29/2026,6/30/2027
STR-026132-2025,502 SANDTOWN RD LLC  (MATTHEW LEWIS HERRINGTON),502 SANDTOWN ROAD,Active,Short Term Rental,STR - Short Term Rental,Renewed,2026,7/23/2026,6/30/2027
STR-026497-2026,"6 MOONBILL, LLC.",6 MOONBILL LANE,Active,Short Term Rental,STR - Short Term Rental,Issued,2026,6/24/2026,6/30/2027
STR-026468-2026,6th HEART LLC,7712 JOHNNY MERCER BLVD,Active,Short Term Rental,STR - Short Term Rental,Renewed,2027,7/20/2026,6/30/2027
STR-025625-2025,8847 FERGUSON AVE LLC,8847 FERGUSON AVE,Active,Short Term Rental,STR - Short Term Rental,Renewed,2026,6/23/2026,6/30/2027
STR-025880-2025,ABBIE BROWN,202 STONEBRIDGE LANE,Active,Short Term Rental,STR - Short Term Rental,Renewed,2026,7/23/2026,6/30/2027
STR-026531-2026,ACHC PROPERTIES LLC (TERRI CRAWFORD),8512 WHITEFIELD AVE,Active,Short Term Rental,STR - Short Term Rental,Issued,2026,7/22/2026,6/30/2027
STR-026412-2026,ACHC PROPERTIES LLC (TERRI CRAWFORD),8512 1/2 WHITE FIELD AVE (COTTAGE IN BACK),Active,Short Term Rental,STR - Short Term Rental,Renewed,2027,6/29/2026,6/30/2027
STR-025983-2025,ALFA PROPERTIES RENTALS LLC,122 WAX MYRTLE CT ,Active,Short Term Rental,STR - Short Term Rental,Renewed,2026,7/23/2026,6/30/2027
STR-026115-2025,ALICE WERNTZ,8 WYCKFIELD CT.,Active,Short Term Rental,STR - Short Term Rental,Renewed,2026,7/21/2026,6/30/2027
STR-026114-2025,ALICE WERNTZ,10 WYCKFIELD CT.,Active,Short Term Rental,STR - Short Term Rental,Renewed,2026,7/14/2026,6/30/2027
STR-025703-2025,ALISHA HARRINGTON,110 CHAPEL LAKE S,Active,Short Term Rental,STR - Short Term Rental,Renewed,2026,8/4/2026,6/30/2027
STR-026161-2025,AMY & JEREMY WILLIAMS,130 SAN MARCO DR.,Active,Short Term Rental,STR - Short Term Rental,Renewed,2026,8/4/2026,6/30/2027
STR-026324-2026,ANDERSON RESENDE,635 SUNCREST BLVD,Active,Short Term Rental,STR - Short Term Rental,Renewed,2027,6/29/2026,6/30/2027
STR-025760-2025,ANDERSON RESENDE,4 BRYAN WOOD CIRCLE,Active,Short Term Rental,STR - Short Term Rental,Renewed,2026,6/29/2026,6/30/2027
STR-025796-2025,ANDREW & ASTRID WING,178 CHERRY LAURAL LANE,Active,Short Term Rental,STR - Short Term Rental,Renewed,2026,7/23/2026,6/30/2027
STR-026523-2026,ANTHONY MICHAEL SCARPULLA,98 PICKET ROW,Active,Short Term Rental,STR - Short Term Rental,Issued,2026,7/10/2026,6/30/2027
STR-026528-2026,ANTHONY VALDES,5 BLUE GILL LANE,Active,Short Term Rental,STR - Short Term Rental,Issued,2026,7/21/2026,6/30/2027
STR-026219-2026,"APS COASTAL, LLC.",308 HOLLY HILL RD,Active,Short Term Rental,STR - Short Term Rental,Renewed,2027,8/5/2026,6/30/2027
STR-026053-2025,BENIL SHAH,8827 FERGUSON AVENUE,Active,Short Term Rental,STR - Short Term Rental,Renewed,2026,7/21/2026,6/30/2027
STR-025681-2025,BENIL SHAH,4 Fallowfield Drive,Active,Short Term Rental,STR - Short Term Rental,Renewed,2026,8/3/2026,6/30/2027
STR-026377-2026,BGS PROPERTIES CA LLC  (EVAN WAGLEY),308 SANDY SPRINGS RD,Active,Short Term Rental,STR - Short Term Rental,Renewed,2027,8/5/2026,6/30/2027
STR-026469-2026,"BLOCKADE HOLDINGS, LLC.",106 S BLOCKADE CT.,Active,Short Term Rental,STR - Short Term Rental,Renewed,2027,7/20/2026,6/30/2027
STR-025726-2025,BOATHOUSE  SAVANNAH,240 OATLAND ISLAND RD,Active,Short Term Rental,STR - Short Term Rental,Renewed,2026,7/14/2026,6/30/2027
STR-025024,"BOSCH HOSPITALITY GROUP, LLC.",1009 BOB WHITE RD,Active,Short Term Rental,STR - Short Term Rental,Renewed,2026,7/14/2026,6/30/2027
STR-026040-2025,BRADFORD-EUGENE LLC,16 MILLS RUN CT,Active,Short Term Rental,STR - Short Term Rental,Renewed,2026,8/3/2026,6/30/2027
STR-025135,BRANDON LINKER,133 LAURELWOOD DR.,Applied,Short Term Rental,STR - Short Term Rental,Renewed,2026,7/22/2026,6/30/2027
STR-025699-2025,BREEZEWAY STUDIO MANOR,918 PENN WALLER RD,Active,Short Term Rental,STR - Short Term Rental,Renewed,2026,8/4/2026,6/30/2027
STR-025689-2025,BREEZEWAY STUDIO MANOR II,916 PENN WALLER ROAD,Active,Short Term Rental,STR - Short Term Rental,Renewed,2026,7/22/2026,6/30/2027
STR-025815-2025,CAMP HAPPY JOY ,105 RED GATE FARMS TRAIL,Active,Short Term Rental,STR - Short Term Rental,Renewed,2026,7/23/2026,6/30/2027
STR-025473-2025,"CANON STAYS, LLC.",107 RUNNER RD.,Active,Short Term Rental,STR - Short Term Rental,Renewed,2027,8/3/2026,6/30/2027
STR-025682-2025,CAREN BRAMHALL,231 BUCKHALTER RD ,Active,Short Term Rental,STR - Short Term Rental,Renewed,2026,8/3/2026,6/30/2027
STR-025879-2025,CARLOS R. MONTENEGRO,6 BRANDY LANE,Active,Short Term Rental,STR - Short Term Rental,Renewed,2026,7/21/2026,6/30/2027
STR-026200-2026,"CBH, LLC.",106 PELICAN CT.,Active,Short Term Rental,STR - Short Term Rental,Renewed,2027,6/23/2026,6/30/2027
STR-025861-2025,CHARITY DANIELS,108 N SHEFTALL CIRCLE,Active,Short Term Rental,STR - Short Term Rental,Renewed,2026,8/4/2026,6/30/2027
STR-025798-2025,CHARLES RUSS MATHIS,13 WALTHOUR COVE,Active,Short Term Rental,STR - Short Term Rental,Renewed,2026,6/24/2026,6/30/2027
STR-025825-2025,CHARMING STAYS LLC,119 W. TISBURY LN,Active,Short Term Rental,STR - Short Term Rental,Renewed,2026,7/14/2026,6/30/2027
STR-025824-2025,CHARMING STAYS LLC,121 BLUELAKE BLVD,Active,Short Term Rental,STR - Short Term Rental,Renewed,2026,7/14/2026,6/30/2027
STR-026573-2026,CHEN HAO JIN & LIYING WU,210 BATTERY WAY,Active,Short Term Rental,STR - Short Term Rental,Issued,2026,8/4/2026,6/30/2027
STR-026099-2025,CHINWE & SUNNY WESEY,13 TARA MANOR DR,Active,Short Term Rental,STR - Short Term Rental,Renewed,2026,6/24/2026,6/30/2027
STR-024930,CHRIS BEASON,1507 KINGS WAY,Active,Short Term Rental,STR - Short Term Rental,Renewed,2026,7/17/2026,6/30/2027
STR-026012-2025,CHRISTIAN CHAPMAN,220 SANDLEWOOD DR,Active,Short Term Rental,STR - Short Term Rental,Renewed,2026,6/23/2026,6/30/2027
STR-026552-2026,CHRISTIAN JOSEPH TEOLI,129 BLUE GILL LN,Active,Short Term Rental,STR - Short Term Rental,Issued,2026,7/20/2026,6/30/2027
STR-025332-2025,"CLARE'S ISLAND GETAWAY, LLC.",7310 TROPICAL WAY,Active,Short Term Rental,STR - Short Term Rental,Renewed,2027,6/29/2026,6/30/2027
STR-025662-2025,CMD WHITEMARSH LLC,117 TURNBUCKLE CT,Active,Short Term Rental,STR - Short Term Rental,Renewed,2026,6/23/2026,6/30/2027
STR-025624-2025,COASTAL PALM PROPERTIES LLC,816 OEMLER LOOP,Active,Short Term Rental,STR - Short Term Rental,Renewed,2026,7/21/2026,6/30/2027
STR-025649-2025,"COLMOR ENTERPRISES, INC",24 BRANNEN DRIVE,Active,Short Term Rental,STR - Short Term Rental,Renewed,2026,8/3/2026,6/30/2027
STR-026318-2026,CORTNEY ELWOOD,145 ROPEMAKER LANE,Active,Short Term Rental,STR - Short Term Rental,Renewed,2027,7/22/2026,6/30/2027
STR-026278-2026,CORY SCOVILLE,1518 C WALTHOUR RD. - GUEST HOUSE,Active,Short Term Rental,STR - Short Term Rental,Renewed,2027,7/13/2026,6/30/2027
STR-026155-2025,COURTNEY RESIDENTIAL LLC,225 CANVASBACK DR,Active,Short Term Rental,STR - Short Term Rental,Renewed,2026,7/14/2026,6/30/2027
STR-025811-2025,CROOKED OAK,9 CRAMER AVE,Active,Short Term Rental,STR - Short Term Rental,Renewed,2026,7/22/2026,6/30/2027
STR-026009-2025,"CROSBY HOLDINGS, LLC",904 REITA STREET,Active,Short Term Rental,STR - Short Term Rental,Renewed,2026,8/3/2026,6/30/2027
STR-025835-2025,DAVID ALLEN BAESSLER,122 PELICAN DRIVE,Active,Short Term Rental,STR - Short Term Rental,Renewed,2026,8/4/2026,6/30/2027
STR-025847-2025,DCR & COMPANY LLC,117 STONEBRIDGE DR,Active,Short Term Rental,STR - Short Term Rental,Renewed,2026,,6/30/2027
STR-026117-2025,DEVAN WILSON,70 CHAPEL LAKE NORTH,Active,Short Term Rental,STR - Short Term Rental,Renewed,2026,8/6/2026,6/30/2027
STR-025677-2025,DEYAN KOTZEV,232 LARCHMONT DR,Active,Short Term Rental,STR - Short Term Rental,Renewed,2026,7/22/2026,6/30/2027
STR-025858-2025,DINKNACK LLC,206 PENN WALLER RD,Active,Short Term Rental,STR - Short Term Rental,Renewed,2026,8/3/2026,6/30/2027
STR-025550-2025,DONNA MARIE BALL,10 BOSTWICK DR,Active,Short Term Rental,STR - Short Term Rental,Renewed,2026,6/18/2026,6/30/2027
STR-026499-2026,DOUGLAS BAKER,21 MAINSAIL CROSSING,Active,Short Term Rental,STR - Short Term Rental,Issued,2026,6/24/2026,6/30/2027
STR-025691-2025,DUFOUR,29 MORNINGSIDE DRIVE,Active,Short Term Rental,STR - Short Term Rental,Renewed,2026,7/23/2026,6/30/2027
STR-026492-2026,"DUNE PROPERTY MANAGEMENT, LLC.",132 CATALINA,Active,Short Term Rental,STR - Short Term Rental,Renewed,2026,6/29/2026,6/30/2027
STR-025954-2025,DYLAN BRODY SNELL,7212 JOHNNY MERCER BLVD,Active,Short Term Rental,STR - Short Term Rental,Renewed,2026,8/4/2026,6/30/2027
STR-026232-2026,"E. TOLBERT COUNSELING AND CONSULTING, LLC.",33 BRANDLE WAY,Active,Short Term Rental,STR - Short Term Rental,Renewed,2027,7/13/2026,6/30/2027
STR-026028-2025,"EAST POINT DRIVE, LLC.",217 E. POINT DRIVE,Active,Short Term Rental,STR - Short Term Rental,Renewed,2026,7/20/2026,6/30/2027
STR-025309-2025,EBS SERVICES LLC,130 BLUELAKE BLVD,Active,Short Term Rental,STR - Short Term Rental,Renewed,2027,6/23/2026,6/30/2027
STR-026498-2026,EBS SERVICES LLC,133 BERWICK LAKES BLVD.,Active,Short Term Rental,STR - Short Term Rental,Issued,2026,6/23/2026,6/30/2027
STR-025751-2025,"ELEVATED GETAWAYS, LLC",406 MAPMAKER LANE ,Active,Short Term Rental,STR - Short Term Rental,Renewed,2026,7/13/2026,6/30/2027
STR-024903,ELIZABETH W ENSOR,4 SUNSET WAY,Active,Short Term Rental,STR - Short Term Rental,Renewed,2026,8/5/2026,6/30/2027
STR-026557-2026,ERCEL JOANNE GARCIA-MELENDEZ,4  ESTILL HAMMOCK RD,Active,Short Term Rental,STR - Short Term Rental,Issued,2026,7/21/2026,6/30/2027
STR-024985,ERIC & DANIELLE HESS,1233 WILMINGTON ISLAND RD,Active,Short Term Rental,STR - Short Term Rental,Renewed,2027,7/17/2026,6/30/2027
STR-026559-2026,ERIC & DANIELLE HESS,1233 WILMINGTON ISLAND RD,Active,Short Term Rental,STR - Short Term Rental,Renewed,2026,7/14/2026,6/30/2027
STR-025806-2025,ERICA DEEB & DANIEL CANNON,109 STONEBRIDGE DRIVE,Active,Short Term Rental,STR - Short Term Rental,Renewed,2026,7/21/2026,6/30/2027
STR-025809-2025,ESTUARDO NATARENO,236 HOLIDAY DRIVE,Active,Short Term Rental,STR - Short Term Rental,Renewed,2026,7/14/2026,6/30/2027
STR-025702-2025,ETHOS AVE LLC,107 CHAPEL DRIVE,Active,Short Term Rental,STR - Short Term Rental,Renewed,2026,7/17/2026,6/30/2027
STR-025872-2025,EVGUENI BORISENKO,117 WILD HERON RD,Active,Short Term Rental,STR - Short Term Rental,Renewed,2026,7/20/2026,6/30/2027
STR-025610-2025,FAMILY BNB LLC,109 E POINT DRIVE,Active,Short Term Rental,STR - Short Term Rental,Renewed,2026,7/20/2026,6/30/2027
STR-025608-2025,FAMILY BNB LLC,197 AQUINNAH DR,Applied,Short Term Rental,STR - Short Term Rental,Renewed,2026,7/20/2026,6/30/2027
STR-024949,FLEETWOOD PROPERTIES 1 LLC,137 CROSSOVER LANE,Active,Short Term Rental,STR - Short Term Rental,Renewed,2026,7/23/2026,6/30/2027
STR-024943,FLEETWOOD PROPERTIES 1 LLC,122 ROPEMAKER LANE,Active,Short Term Rental,STR - Short Term Rental,Renewed,2026,7/23/2026,6/30/2027
STR-025582-2025,FRANCISCO POURCELY,7612 JOHNNY MERCER BLVD UNIT A,Active,Short Term Rental,STR - Short Term Rental,Renewed,2026,7/22/2026,6/30/2027
STR-026503-2026,FRED & ELLA YOUNGBLOOD,32 SOUTHERLAND RD.,Active,Short Term Rental,STR - Short Term Rental,Issued,2026,6/24/2026,6/30/2027
STR-026445-2026,"GA STR, LLC.",302 BURLINGTON RD.,Active,Short Term Rental,STR - Short Term Rental,Renewed,2027,8/3/2026,6/30/2027
STR-025873-2025,GEIR KILEN LLC,114 REDAN DR ,Active,Short Term Rental,STR - Short Term Rental,Renewed,2026,8/4/2026,6/30/2027
STR-025537-2025,GELIN GAO,533 QUARTERMAN DR.,Active,Short Term Rental,STR - Short Term Rental,Renewed,2027,7/17/2026,6/30/2027
STR-025685-2025,GLEN ALAN AMENSON,12 OSSABAW ROAD,Active,Short Term Rental,STR - Short Term Rental,Renewed,2026,6/22/2026,6/30/2027
STR-026285-2026,GRANT GA HOLDINGS LLC (ETHAN GRANT MARKERT),20 LANSING AVE # C,Active,Short Term Rental,STR - Short Term Rental,Renewed,2027,7/21/2026,6/30/2027
STR-025140,"GREENANT 4, LLC.",4 SHAD RIVER RD,Applied,Short Term Rental,STR - Short Term Rental,Renewed,2026,7/21/2026,6/30/2027
STR-025960-2025,GREGORY D  & JODIE A VAUGHN,218 MAPMAKER LANE,Active,Short Term Rental,STR - Short Term Rental,Renewed,2026,7/20/2026,6/30/2027
STR-025638-2025,"HAPPY DIG INVESTMENT GROUP, LLC",5 TARA MANOR DR,Active,Short Term Rental,STR - Short Term Rental,Renewed,2026,7/22/2026,6/30/2027
STR-026030-2025,"HGH GROUP, LLC.",8623 E CREIGHTON PL,Active,Short Term Rental,STR - Short Term Rental,Renewed,2026,8/6/2026,6/30/2027
STR-024944,HH REAL ESTATE INVESTMENTS INC,140 SAN MARCO DRIVE,Active,Short Term Rental,STR - Short Term Rental,Renewed,2026,8/5/2026,6/30/2027
STR-026170-2025,HRISTINA ARNAUDOVA,28 RIVER OAKS RD,Active,Short Term Rental,STR - Short Term Rental,Renewed,2026,6/29/2026,6/30/2027
STR-026323-2026,HUDSON VELLE,153 BERWICK LAKES BLVD,Active,Short Term Rental,STR - Short Term Rental,Renewed,2027,8/3/2026,6/30/2027
STR-026091-2025,HUGO ALFARO,106 HOLIDAY CIR,Active,Short Term Rental,STR - Short Term Rental,Renewed,2026,7/17/2026,6/30/2027
STR-025970-2025,ILONA DEMURA,7233 GRANT ST,Active,Short Term Rental,STR - Short Term Rental,Renewed,2026,6/29/2026,6/30/2027
STR-025748-2025,ISLAND BREEZE ,3 SAPELO RD,Active,Short Term Rental,STR - Short Term Rental,Renewed,2026,7/20/2026,6/30/2027
STR-025829-2025,ISLAND CREEK INN,120 OKATEE DRIVE #B,Active,Short Term Rental,STR - Short Term Rental,Renewed,2026,6/29/2026,6/30/2027
STR-025957-2025,ISLAND PARLOR INN ,120 OKATEE DR. (GARAGE APT),Active,Short Term Rental,STR - Short Term Rental,Renewed,2026,6/29/2026,6/30/2027
STR-025565-2025,"ISLAND SHACK, LLC",7833 JOHNNY MERCER BLVD,Active,Short Term Rental,STR - Short Term Rental,Renewed,2026,6/22/2026,6/30/2027
STR-025632-2025,ISLANDS COZY COTTAGE 2,7024 #2 JOHNNY MERCER BLVD,Active,Short Term Rental,STR - Short Term Rental,Renewed,2026,7/23/2026,6/30/2027
STR-025630-2025,ISLANDS COZY COTTAGE I UNIT 2,"6714 JOHNNY MERCER BLVD, UNIT 2",Active,Short Term Rental,STR - Short Term Rental,Renewed,2026,7/23/2026,6/30/2027
STR-025848-2025,IVAN SHALAVUTA,202 FONTENOT DR,Active,Short Term Rental,STR - Short Term Rental,Renewed,2026,7/14/2026,6/30/2027
STR-025117,"J HINOJOSA INVESTMENTS, LLC.",129 AQUINNAH DR.,Applied,Short Term Rental,STR - Short Term Rental,Renewed,2026,7/20/2026,6/30/2027
STR-025698-2025,JACK & BELINDA FLANIGAN REAL ESTATE LLC,33 ESTILL HAMMOCK RD ,Active,Short Term Rental,STR - Short Term Rental,Renewed,2026,6/23/2026,6/30/2027
STR-025697-2025,JACK & BELINDA FLANIGAN REAL ESTATE LLC,114 ANDREA DRIVE UNIT 6,Active,Short Term Rental,STR - Short Term Rental,Renewed,2026,7/6/2026,6/30/2027
STR-026462-2026,JACOB LEAH,115 RUNAWAY POINT RD.,Active,Short Term Rental,STR - Short Term Rental,Renewed,2027,7/17/2026,6/30/2027
STR-025785-2025,JADELARK LLC,129 JACQUELYN DR,Active,Short Term Rental,STR - Short Term Rental,Renewed,2026,7/22/2026,6/30/2027
STR-025784-2025,JADELARK LLC,116 PELICAN COURT,Active,Short Term Rental,STR - Short Term Rental,Renewed,2026,8/4/2026,6/30/2027
STR-026506-2026,JAMES DANIEL BROGDON,8 CAITTAIL CT,Active,Short Term Rental,STR - Short Term Rental,Renewed,2026,6/24/2026,6/30/2027
STR-025593-2025,"JAMES K., MARY FAITH & JILL K BECKWORTH",904 PENWALLER ROAD,Active,Short Term Rental,STR - Short Term Rental,Renewed,2026,7/17/2026,6/30/2027
STR-025626-2025,JAMES ROBERTSON,1002 PERRY COVE,Active,Short Term Rental,STR - Short Term Rental,Renewed,2026,8/4/2026,6/30/2027
STR-026538-2026,JAMIE LEE BENAVIDES,8991 FERGUSON AVENUE,Active,Short Term Rental,STR - Short Term Rental,Issued,2026,8/3/2026,6/30/2027
STR-025277-2025,JANET EDNA MILLER,4810 GARRARD AVE  (GARAGE APARTMENT),Active,Short Term Rental,STR - Short Term Rental,Renewed,2027,6/18/2026,6/30/2027
STR-025962-2025,JASON ANDREW LACIENSKI,414 RIVERVIEW DR.,Active,Short Term Rental,STR - Short Term Rental,Renewed,2026,7/22/2026,6/30/2027
STR-025856-2025,JAY MAUPIN,2090 GROVE POINT ROAD,Active,Short Term Rental,STR - Short Term Rental,Renewed,2026,7/20/2026,6/30/2027
STR-025672-2025,JCA MANAGEMENT LLC,1345 WILMINGTON ISLAND RD (GARAGE APARTMENT ONLY),Active,Short Term Rental,STR - Short Term Rental,Renewed,2026,6/23/2026,6/30/2027
STR-025818-2025,JENNIFER  JO WATERS ,9943 WHITEFIELD AVE - GUEST SUITE,Active,Short Term Rental,STR - Short Term Rental,Renewed,2026,8/4/2026,6/30/2027
STR-025817-2025,JENNIFER  JO WATERS ,9943 WHITEFIELD AVE - GUEST SUITE,Active,Short Term Rental,STR - Short Term Rental,Renewed,2026,8/4/2026,6/30/2027
STR-025614-2025,JENNIFER BROWN,167 LAURELWOOD DR,Active,Short Term Rental,STR - Short Term Rental,Renewed,2027,8/4/2026,6/30/2027
STR-026500-2026,JERRY COLLIER,21 PEREGRINE CROSSING,Active,Short Term Rental,STR - Short Term Rental,Issued,2026,6/24/2026,6/30/2027
STR-025633-2025,JJSDO RENTALS LLC DBA ISLANDS COZY COTTAGE I,6714 JOHNNY MERCER BLVD UNIT 1,Active,Short Term Rental,STR - Short Term Rental,Renewed,2026,7/23/2026,6/30/2027
STR-025765-2025,JOHN HOWKINS,1917 STONE STREET,Active,Short Term Rental,STR - Short Term Rental,Renewed,2026,7/23/2026,6/30/2027
STR-025692-2025,JOHN LINDSEY AND LENELL DUFOUR,27 MORNINGSIDE DRIVE,Active,Short Term Rental,STR - Short Term Rental,Renewed,2026,7/23/2026,6/30/2027
STR-026494-2026,JOHN REX BENTON,44 HENDERSON AVE,Active,Short Term Rental,STR - Short Term Rental,Renewed,2026,6/30/2026,6/30/2027
STR-025730-2025,JOHNSON & AFFILIATES LLC,11 LANWICK COURT,Active,Short Term Rental,STR - Short Term Rental,Renewed,2026,7/17/2026,6/30/2027
STR-025866-2025,JONATHAN MUNOZ,535 POINTE NORTH DRIVE,Active,Short Term Rental,STR - Short Term Rental,Renewed,2026,8/4/2026,6/30/2027
STR-025816-2025,JORDAN L. LAWRENCE,1 PENROSE DR. W. ,Active,Short Term Rental,STR - Short Term Rental,Renewed,2026,7/17/2026,6/30/2027
STR-025615-2025,JOSEPH A & VALERIA S HUSZTY,1802 WILMINGTON ISLAND ROAD,Active,Short Term Rental,STR - Short Term Rental,Renewed,2026,7/13/2026,6/30/2027
STR-026086-2025,JOSHUA & MEGGON CAHALL,122 NASSAU DRIVE,Active,Short Term Rental,STR - Short Term Rental,Renewed,2026,7/13/2026,6/30/2027
STR-026550-2026,JULIA M SPENCER,110 BINNACLE CT,Active,Short Term Rental,STR - Short Term Rental,Issued,2026,7/21/2026,6/30/2027
STR-026551-2026,JULIA M SPENCER,110 BINNACLE CT,Active,Short Term Rental,STR - Short Term Rental,Issued,2026,7/21/2026,6/30/2027
STR-025073,JULIA M SPENCER,411 MAPMAKER LANE,Active,Short Term Rental,STR - Short Term Rental,Renewed,2026,7/23/2026,6/30/2027
STR-025599-2025,"JUNAHILEY, LLC",109 RIVERVIEW DRIVE,Active,Short Term Rental,STR - Short Term Rental,Renewed,2026,7/21/2026,6/30/2027
STR-025877-2025,KAMANN & JAMES RAVAN ,350 PENROSE DRIVE W (GUEST COTTAGE),Active,Short Term Rental,STR - Short Term Rental,Renewed,2026,7/17/2026,6/30/2027
STR-025738-2025,KARL SPERL & LAURNA CANTY,111 MARIAN CIRCLE,Active,Short Term Rental,STR - Short Term Rental,Renewed,2026,6/23/2026,6/30/2027
STR-026198-2026,KARLI DALTON,8426 CRESTHILL AVE,Active,Short Term Rental,STR - Short Term Rental,Renewed,2027,8/4/2026,6/30/2027
STR-025755-2025,KELLI KOSTICK,4 HIGHPOINT CT,Active,Short Term Rental,STR - Short Term Rental,Renewed,2026,7/13/2026,6/30/2027
STR-025902-2025,KEVIN & JILL ROMINE,29 ANGEL OAKS DR,Active,Short Term Rental,STR - Short Term Rental,Renewed,2026,7/13/2026,6/30/2027
STR-025716-2025,KHAJA KAMAL MOHIUDDIN,133 S. SHEFTALL CIR.,Active,Short Term Rental,STR - Short Term Rental,Renewed,2026,8/6/2026,6/30/2027
STR-025620-2025,LAC VAN NGUYEN,27 MAPMAKER LN,Active,Short Term Rental,STR - Short Term Rental,Renewed,2026,6/24/2026,6/30/2027
STR-025577-2025,LARRY OR  CHERYL MAYORGA,21 BARNACLE COURT,Active,Short Term Rental,STR - Short Term Rental,Renewed,2026,6/29/2026,6/30/2027
STR-026512-2026,LEANDRO de OLIVEIRA ABIZ,520 POINTE NORTH DRIVE,Active,Short Term Rental,STR - Short Term Rental,Renewed,2026,7/21/2026,6/30/2027
STR-026369-2026,LEX K. BAZEMORE,140 PELICAN DR.,Active,Short Term Rental,STR - Short Term Rental,Renewed,2027,7/17/2026,6/30/2027
STR-025198-2025,LINDSAY WALLER,500 SANDTOWN RD,Active,Short Term Rental,STR - Short Term Rental,Renewed,2027,8/3/2026,6/30/2027
STR-025955-2025,LINDSEY WOLLER,1116 COBB RD,Active,Short Term Rental,STR - Short Term Rental,Renewed,2026,6/24/2026,6/30/2027
STR-025757-2025,LISA DEMARIA,215 BATTERY CRESCENT ,Active,Short Term Rental,STR - Short Term Rental,Renewed,2026,,6/30/2027
STR-025770-2025,"LIVEOAKIES, LLC.",127 FALLIGANT AVENUE (COTTAGE 1),Active,Short Term Rental,STR - Short Term Rental,Renewed,2026,7/21/2026,6/30/2027
STR-025772-2025,"LIVEOAKIES, LLC.",127 FALLIGANT AVE (COTTAGE 2),Active,Short Term Rental,STR - Short Term Rental,Renewed,2026,7/23/2026,6/30/2027
STR-025771-2025,"LIVEOAKIES, LLC.",127 FALLIGANT AVE (MAIN),Active,Short Term Rental,STR - Short Term Rental,Renewed,2026,7/23/2026,6/30/2027
STR-025759-2025,LMB PROPERTIES ,1715 E MONTGOMERY CROSS ROAD ,Active,Short Term Rental,STR - Short Term Rental,Renewed,2026,8/3/2026,6/30/2027
STR-025725-2025,LOGGERHEAD NEST L.L.C.,127 BACKSHELL RD,Active,Short Term Rental,STR - Short Term Rental,Renewed,2026,7/22/2026,6/30/2027
STR-025604-2025,"LRJLBL SAVANNAH, LLC",28 MOON RIVER DRIVE,Active,Short Term Rental,STR - Short Term Rental,Renewed,2026,8/6/2026,6/30/2027
STR-025732-2025,"LUKA HOMES, LLC.",24 NILSSON DRIVE,Active,Short Term Rental,STR - Short Term Rental,Renewed,2026,7/21/2026,6/30/2027
STR-025429-2025,"LUKA HOMES, LLC.",514 SANDHILL RD,Active,Short Term Rental,STR - Short Term Rental,Renewed,2027,7/21/2026,6/30/2027
STR-026363-2026,"LVM TEAMS, LLC.",23 SAPELO RD.,Active,Short Term Rental,STR - Short Term Rental,Renewed,2027,7/21/2026,6/30/2027
STR-025810-2025,LYNDA & ROBERT LUM,1316 1/2 WALTHOUR ROAD,Active,Short Term Rental,STR - Short Term Rental,Renewed,2026,7/17/2026,6/30/2027
STR-025109,MALANKA HOMES LLC,126 HUNT CLUB CT,Active,Short Term Rental,STR - Short Term Rental,Renewed,2026,7/21/2026,6/30/2027
STR-024902,MANISHA PRAJAPATI,1014 DEBBIE STREET,Active,Short Term Rental,STR - Short Term Rental,Renewed,2026,8/5/2026,6/30/2027
STR-024899,MARIA G SMITH,2623 BISMARK AVE,Active,Short Term Rental,STR - Short Term Rental,Renewed,2026,7/15/2026,6/30/2027
STR-025696-2025,MARISA DIPALO,130 N. SHEFTALL CIRCLE ,Active,Short Term Rental,STR - Short Term Rental,Renewed,2026,7/23/2026,6/30/2027
STR-025680-2025,MARK STEPHENS OR ELISSA GREENE,210 CHRISTIE ROAD,Active,Short Term Rental,STR - Short Term Rental,Renewed,2026,6/18/2026,6/30/2027
STR-026490-2026,"MARSH CREEK INVESTMENTS, LLC.",111 MARSH SIDE DR.,Active,Short Term Rental,STR - Short Term Rental,Issued,2026,7/2/2026,6/30/2027
STR-025636-2025,MARSHFRONT SAVANNAH HOME SHIPYARD RD,258 SHIPYARD ROAD,Active,Short Term Rental,STR - Short Term Rental,Renewed,2026,7/20/2026,6/30/2027
STR-026417-2026,MARY ELIZABETH CARLEY,119 RUNNER ROAD (LOWER LEVEL),Active,Short Term Rental,STR - Short Term Rental,Renewed,2027,7/22/2026,6/30/2027
STR-026482-2026,MARYANN TIEDEMANN,213 E. POINT DR.,Active,Short Term Rental,STR - Short Term Rental,Issued,2026,7/6/2026,6/30/2027
STR-025719-2025,MASON HOYT,113 DRY DOCK CT,Active,Short Term Rental,STR - Short Term Rental,Renewed,2026,7/21/2026,6/30/2027
STR-025741-2025,MATTHEW BEATTY,132 VICKERY LN,Closed,Short Term Rental,STR - Short Term Rental,Renewed,2026,8/3/2026,6/30/2027
STR-026352-2026,MATTHEW MYLES,180 BERWICK LAKES BLVD,Active,Short Term Rental,STR - Short Term Rental,Renewed,2027,7/21/2026,6/30/2027
STR-025704-2025,MATTHEW PIERINGER,142 W TISBURY LANE,Active,Short Term Rental,STR - Short Term Rental,Renewed,2026,7/17/2026,6/30/2027
STR-025801-2025,MAX'S PLACE-YOUR 2ND HOME,2 AMELIA COURT ,Active,Short Term Rental,STR - Short Term Rental,Renewed,2026,7/23/2026,6/30/2027
STR-025655-2025,MEIZHU WANG,1012 WILMA ST,Active,Short Term Rental,STR - Short Term Rental,Renewed,2026,7/23/2026,6/30/2027
STR-025684-2025,MELISSA MCCANDLESS,4 BLOCKADE COURT,Active,Short Term Rental,STR - Short Term Rental,Renewed,2026,6/22/2026,6/30/2027
STR-025646-2025,"MEMORYSMITH PROPERTIES, LLC",110 CROSSOVER LANE,Active,Short Term Rental,STR - Short Term Rental,Renewed,2026,,6/30/2027
STR-025607-2025,MID-SOUTH INVESTMENT #100 LLC,11 OSSABAW RD,Active,Short Term Rental,STR - Short Term Rental,Renewed,2026,7/21/2026,6/30/2027
STR-025584-2025,MONA KOUSSA AND ABDEL RASHYDI,128 REDAN DRIVE,Active,Short Term Rental,STR - Short Term Rental,Renewed,2026,6/29/2026,6/30/2027
STR-025420-2025,MONTY WAYNE NEELY,7220 JOHNNY MERCER BLVD UNIT A,Active,Short Term Rental,STR - Short Term Rental,Renewed,2027,8/3/2026,6/30/2027
STR-026539-2026,MORGAN ESTATES LLC,320 MAPMAKER LANE,Active,Short Term Rental,STR - Short Term Rental,Issued,2026,7/22/2026,6/30/2027
STR-026540-2026,MORGAN ESTATES LLC,140 ROPEMAKER LANE,Active,Short Term Rental,STR - Short Term Rental,Issued,2026,8/3/2026,6/30/2027
STR-026411-2026,"MOSSY TIDES RETREAT, LLC.",303 MAPMAKER LN.,Active,Short Term Rental,STR - Short Term Rental,Renewed,2027,6/17/2026,6/30/2027
STR-025665-2025,MUSICMANZ VENTURES LLC,25 LEEWARD DRIVE,Active,Short Term Rental,STR - Short Term Rental,Renewed,2026,8/3/2026,6/30/2027
STR-025805-2025,MW PROPERTIES ,27 STALWICK DR ,Active,Short Term Rental,STR - Short Term Rental,Renewed,2026,7/14/2026,6/30/2027
STR-025570-2025,NANCY TAMARACK,306 PARKERSBURG RD,Active,Short Term Rental,STR - Short Term Rental,Renewed,2026,8/3/2026,6/30/2027
STR-025717-2025,NANCY TRUONG,302 WENDY HILL ROAD,Active,Short Term Rental,STR - Short Term Rental,Renewed,2026,7/21/2026,6/30/2027
STR-025059,NATHANIEL HAYWARD,1512 WALTHOUR RD #B,Applied,Short Term Rental,STR - Short Term Rental,Renewed,2026,6/29/2026,6/30/2027
STR-026305-2026,NESTPULSE GROUP LLC,117 BLAINE CT,Active,Short Term Rental,STR - Short Term Rental,Renewed,2027,7/14/2026,6/30/2027
STR-025331-2025,NICHOLAS CHARLEAS SPRINGER & ISHELL WINZER VOYT,4 CUTTY SARK ROAD,Active,Short Term Rental,STR - Short Term Rental,Issued,2027,7/6/2026,6/30/2027
STR-025004,NORMAN WITMER,8 SAPELO ROAD,Active,Short Term Rental,STR - Short Term Rental,Renewed,2026,7/21/2026,6/30/2027
STR-026504-2026,"NORTH42, LLC.",1 DEER CREEK DR.,Active,Short Term Rental,STR - Short Term Rental,Issued,2026,6/24/2026,6/30/2027
STR-025686-2025,OATLAND ISLAND COASTAL COTTAGE 2,112 OATLAND RD UNIT C,Active,Short Term Rental,STR - Short Term Rental,Renewed,2026,7/23/2026,6/30/2027
STR-025687-2025,OATLAND ISLAND COTTAGE 1,112 OATLAND ISLAND RD UNIT A ,Active,Short Term Rental,STR - Short Term Rental,Renewed,2026,7/23/2026,6/30/2027
STR-024788,OFFSHORE ROW LLC,109 PICKET ROW,Applied,Short Term Rental,STR - Short Term Rental,Renewed,2027,7/22/2026,6/30/2027
STR-026495-2026,"OG DREAM GETAWAYS, LLC",136 CROSSOVER LANE,Active,Short Term Rental,STR - Short Term Rental,Renewed,2026,6/23/2026,6/30/2027
STR-025781-2025,OSCAR RAMON TELLEZ & LUCIA BARCENAS,106 REDAN DR,Active,Short Term Rental,STR - Short Term Rental,Renewed,2026,7/22/2026,6/30/2027
STR-025782-2025,OSCAR TELLEZ,20 BLUELAKE BLVD,Active,Short Term Rental,STR - Short Term Rental,Renewed,2026,7/22/2026,6/30/2027
STR-026129-2025,PAMELA BERGER,7416 HEMLOCK AVE - MAIN HOUSE,Active,Short Term Rental,STR - Short Term Rental,Renewed,2026,6/17/2026,6/30/2027
STR-026116-2025,PAMELA BERGER,7416 HEMLOCK AVE (CARRIAGE HOUSE),Active,Short Term Rental,STR - Short Term Rental,Renewed,2026,6/17/2026,6/30/2027
STR-025619-2025,PATRICIA CYR RENTAL,101 BLOCKADE CT,Active,Short Term Rental,STR - Short Term Rental,Renewed,2026,7/17/2026,6/30/2027
STR-026032-2025,PATRICIA MARTIN,29 PINEY POINT RD,Active,Short Term Rental,STR - Short Term Rental,Renewed,2026,6/23/2026,6/30/2027
STR-025498-2025,PATRICK C & NANELLE G FITZGERALD,336 A ISLAND ROAD (GARAGE APT ONLY),Active,Short Term Rental,STR - Short Term Rental,Renewed,2027,6/18/2026,6/30/2027
STR-026007-2025,PATRICK FORELLI,9240 GARLAND DRIVE,Active,Short Term Rental,STR - Short Term Rental,Renewed,2026,7/21/2026,6/30/2027
STR-025843-2025,PATRICK FORELLI,108 BACKSHELL RD,Active,Short Term Rental,STR - Short Term Rental,Renewed,2026,7/21/2026,6/30/2027
STR-025832-2025,PATRICK FORELLI,8611 WHITEFIELD AVENUE,Active,Short Term Rental,STR - Short Term Rental,Renewed,2026,7/20/2026,6/30/2027
STR-026403-2026,PETER KRUEGER,108 RUNNER RD,Active,Short Term Rental,STR - Short Term Rental,Renewed,2027,7/21/2026,6/30/2027
STR-026302-2026,PEYTON HARM,111 RUNNER RD.,Active,Short Term Rental,STR - Short Term Rental,Renewed,2027,7/21/2026,6/30/2027
STR-025440-2025,PEYTON HARM,134 BACKSHELL RD,Active,Short Term Rental,STR - Short Term Rental,Renewed,2027,7/21/2026,6/30/2027
STR-026473-2026,"PFD HONDA, LLC.",33 PENROSE DR.,Active,Short Term Rental,STR - Short Term Rental,Renewed,2027,7/20/2026,6/30/2027
STR-026480-2026,"PFD HONDA, LLC.",29 PENROSE DR.,Active,Short Term Rental,STR - Short Term Rental,Renewed,2027,7/20/2026,6/30/2027
STR-025733-2025,PURPLE DOOR GETAWAY LLC,302 SANDY SPRINGS RD,Active,Short Term Rental,STR - Short Term Rental,Renewed,2026,8/3/2026,6/30/2027
STR-025724-2025,"QUALITY COASTAL HOMES, LLC ",113 FINN CIRCLE ,Active,Short Term Rental,STR - Short Term Rental,Renewed,2026,7/14/2026,6/30/2027
STR-025845-2025,RAQUEL ORTEGA,40 REESE WAY,Active,Short Term Rental,STR - Short Term Rental,Renewed,2026,7/21/2026,6/30/2027
STR-025313-2025,RAYMOND CASPER,6 EARL CT,Active,Short Term Rental,STR - Short Term Rental,Renewed,2027,7/23/2026,6/30/2027
STR-025734-2025,RAYMOND ROME OUTLER JR ,113 LARCHMONT DR,Active,Short Term Rental,STR - Short Term Rental,Renewed,2026,8/4/2026,6/30/2027
STR-025927-2025,"REMY INVESTING, LLC.",6 SILVER LEAF CT.,Active,Short Term Rental,STR - Short Term Rental,Renewed,2026,7/22/2026,6/30/2027
STR-026505-2026,RICK TANIGUCHI,3 CLAYTON CT.,Active,Short Term Rental,STR - Short Term Rental,Issued,2026,6/24/2026,6/30/2027
STR-025594-2025,"RIVER OF DREAMS, LLC.",529 POINTE SOUTH DRIVE,Active,Short Term Rental,STR - Short Term Rental,Renewed,2026,7/21/2026,6/30/2027
STR-025308-2025,RLB PROPERTY GROUP LLC,107 BACK SHELL RD,Active,Short Term Rental,STR - Short Term Rental,Renewed,2027,7/21/2026,6/30/2027
STR-025850-2025,RLB PROPERTY GROUP LLC,208 BLUE HERON DR,Active,Short Term Rental,STR - Short Term Rental,Renewed,2026,7/21/2026,6/30/2027
STR-025609-2025,RNOCHONG LIU,1023 BRITTLEWOOD DR,Active,Short Term Rental,STR - Short Term Rental,Renewed,2026,7/20/2026,6/30/2027
STR-025483-2025,ROBERT CAUFIELD,5502 JASMINE AVE,Active,Short Term Rental,STR - Short Term Rental,Renewed,2027,8/3/2026,6/30/2027
STR-026034-2025,RONALD HORNING JR,9300 MELODY DR,Active,Short Term Rental,STR - Short Term Rental,Renewed,2026,7/13/2026,6/30/2027
STR-026448-2026,"RUNAWAY POINT, LLC.",211 RUNAWAY POINT RD.,Active,Short Term Rental,STR - Short Term Rental,Renewed,2027,7/17/2026,6/30/2027
STR-026102-2025,"RUNAWAY TO SAVANNAH, LLC.",107 RUNAWAY POINT RD.,Active,Short Term Rental,STR - Short Term Rental,Renewed,2026,8/4/2026,6/30/2027
STR-026514-2026,RUSSELL MICHAEL STRAZZELLA & ELIZABETH ANNE KORSEDAL,1338 PINE RIDGE DR ,Active,Short Term Rental,STR - Short Term Rental,Renewed,2026,7/13/2026,6/30/2027
STR-026175-2025,RYAN WESLEY COLEMAN,1 CEDAR COVE,Active,Short Term Rental,STR - Short Term Rental,Renewed,2026,8/4/2026,6/30/2027
STR-026123-2025,RYNAH RODRIGUES,9 CROSS BOW CT,Active,Short Term Rental,STR - Short Term Rental,Renewed,2026,7/23/2026,6/30/2027
STR-025752-2025,SAI C KUMAR STVR,522 POINTE SOUTH DRIVE,Active,Short Term Rental,STR - Short Term Rental,Renewed,2026,8/3/2026,6/30/2027
STR-026410-2026,"SALT AND MAGNOLEA STAYS, LLC.",200 EAST POINT DR.,Active,Short Term Rental,STR - Short Term Rental,Renewed,2027,7/22/2026,6/30/2027
STR-025436-2025,"SALT LIFE AT 912, LLC.",127 TEAKWOOD DRIVE,Active,Short Term Rental,STR - Short Term Rental,Renewed,2027,6/24/2026,6/30/2027
STR-025768-2025,SAM FINNEY,87 JOHNNY MERCER BLVD,Active,Short Term Rental,STR - Short Term Rental,Renewed,2026,7/13/2026,6/30/2027
STR-026306-2026,"SAMMIEZ PROPERTIES, LLC.",157 W. TAHOE DR.,Active,Short Term Rental,STR - Short Term Rental,Renewed,2027,7/13/2026,6/30/2027
STR-025705-2025,"SANA  DALA, LLC",7 ROPEMAKER COURT,Active,Short Term Rental,STR - Short Term Rental,Renewed,2026,7/21/2026,6/30/2027
STR-025802-2025,SARAH ARKINS,557 SUNCREST BLVD,Active,Short Term Rental,STR - Short Term Rental,Renewed,2026,7/21/2026,6/30/2027
STR-026518-2026,SARAH BROOKE SANDIN,9 ROSE AVE,Active,Short Term Rental,STR - Short Term Rental,Issued,2026,8/3/2026,6/30/2027
STR-025613-2025,"SAVANNAH COASTAL STAYS, LLC.",101 EAST POINT DR.,On Hold,Short Term Rental,STR - Short Term Rental,Renewed,2026,6/18/2026,6/30/2027
STR-025488-2025,"SAVANNAH HOLDINGS & INVESTMENTS, LLC.",102 NEVA AVE,Active,Short Term Rental,STR - Short Term Rental,Renewed,2027,8/4/2026,6/30/2027
STR-025739-2025,SAVANNAH ISLAND COTTAGE LLC ,36 MAPMAKER LANE,Active,Short Term Rental,STR - Short Term Rental,Renewed,2026,7/22/2026,6/30/2027
STR-025807-2025,"SAVANNAH MARSHES STUDIO, LLC",16 SHAD RIVER RD,Active,Short Term Rental,STR - Short Term Rental,Renewed,2026,7/13/2026,6/30/2027
STR-025631-2025,SAVASKA LLC,132 HOLIDAY DRIVE,Active,Short Term Rental,STR - Short Term Rental,Renewed,2026,7/14/2026,6/30/2027
STR-025693-2025,SAVVY PLACES,1402 WALTHOUR RD,Active,Short Term Rental,STR - Short Term Rental,Renewed,2026,7/21/2026,6/30/2027
STR-025764-2025,SCENIC SAVANNAH VACATION RENTAL LLC,10 EAST STREET,Active,Short Term Rental,STR - Short Term Rental,Renewed,2026,7/21/2026,6/30/2027
STR-025667-2025,SCOTT REALTY PROFESIONALS LLC,108 TRELLIS WAY,Active,Short Term Rental,STR - Short Term Rental,Renewed,2026,6/23/2026,6/30/2027
STR-025666-2025,SCOTT REALTY PROFESIONALS LLC,110 TRELLIS WAY,Active,Short Term Rental,STR - Short Term Rental,Renewed,2026,6/22/2026,6/30/2027
STR-024857,SCOTT THOMSON/ KEVIN ESCOBAR,8521 LABERTA BLVD,Active,Short Term Rental,STR - Short Term Rental,Renewed,2026,6/29/2026,6/30/2027
STR-024927,SETH DAVID WARWICK,8 CALIBOGUE ROAD,Active,Short Term Rental,STR - Short Term Rental,Renewed,2026,7/22/2026,6/30/2027
STR-025711-2025,SHAWN FARLEY-BLACK,923 BETZ CREEK RD ,Active,Short Term Rental,STR - Short Term Rental,Renewed,2026,8/3/2026,6/30/2027
STR-025763-2025,SHEILA NAYDECK,312 MAPMAKER LN,Active,Short Term Rental,STR - Short Term Rental,Renewed,2026,7/21/2026,6/30/2027
STR-025822-2025,SHERRY L. JAKUBOWSKI,1318 WALTHOUR RD - GUEST HOUSE,Active,Short Term Rental,STR - Short Term Rental,Renewed,2026,8/4/2026,6/30/2027
STR-025814-2025,"SMACKO, INC/ RED GATE FARMS (HAYLOFT)",136 RED GATE FARMS TRAIL,Active,Short Term Rental,STR - Short Term Rental,Renewed,2026,7/23/2026,6/30/2027
STR-026491-2026,"SMASH PROPERTY MANAGEMENT, LLC.",152 PENN STATION,Active,Short Term Rental,STR - Short Term Rental,Renewed,2026,6/29/2026,6/30/2027
STR-025664-2025,SOUTHSIDE SANCTUARY,104 SHAMROCK CIRCLE,Active,Short Term Rental,STR - Short Term Rental,Renewed,2026,7/23/2026,6/30/2027
STR-025728-2025,SPICE CITY PROPERTIES,"569 MENDEL AVENUE, APT A",Active,Short Term Rental,STR - Short Term Rental,Renewed,2026,7/20/2026,6/30/2027
STR-025729-2025,SPICE CITY PROPERTIES,569 MENDEL AVENUE APT B,Active,Short Term Rental,STR - Short Term Rental,Renewed,2026,7/20/2026,6/30/2027
STR-025767-2025,SPRINGTIDE SUITES ,9152 FERGUSON AVENUE (GARAGE APT),Active,Short Term Rental,STR - Short Term Rental,Renewed,2026,7/14/2026,6/30/2027
STR-026083-2025,STACIE SALMON,217 CHERRY LAURAL LN,Active,Short Term Rental,STR - Short Term Rental,Renewed,2026,6/24/2026,6/30/2027
STR-025921-2025,STAY HERE,100 BLUE HERON DRIVE,Active,Short Term Rental,STR - Short Term Rental,Renewed,2026,,6/30/2027
STR-025859-2025,STEPHANIE OSBORNE,7 CHADWICK CT,Active,Short Term Rental,STR - Short Term Rental,Renewed,2026,7/17/2026,6/30/2027
STR-025761-2025,STEVEN P SCHULTE,612 SUNCREST BLVD,Active,Short Term Rental,STR - Short Term Rental,Renewed,2026,6/29/2026,6/30/2027
STR-026571-2026,STEVEN S. & LORI K. HESS,917 BOB WHITE RD.,Active,Short Term Rental,STR - Short Term Rental,Issued,2026,8/4/2026,6/30/2027
STR-025695-2025,STEVEN SCOTT,1012 JUANITA STREET  (GARAGE APARTMENT),Active,Short Term Rental,STR - Short Term Rental,Renewed,2026,7/17/2026,6/30/2027
STR-025740-2025,SUNSET CREEK BNB,217 HILLARY RD,Active,Short Term Rental,STR - Short Term Rental,Renewed,2026,7/17/2026,6/30/2027
STR-026165-2025,SYLVIA LEON,7339 LEGHORN ST,Active,Short Term Rental,STR - Short Term Rental,Renewed,2026,7/21/2026,6/30/2027
STR-025715-2025,TALAHI INVESTMENTS LLC,505 QUARTERMAN DRIVE,Active,Short Term Rental,STR - Short Term Rental,Renewed,2026,6/17/2026,6/30/2027
STR-025637-2025,THE  JOHN C & KELLIE M JOHNSON LIVING TRUST,5808 LAROCHE AVENUE,Active,Short Term Rental,STR - Short Term Rental,Renewed,2026,6/29/2026,6/30/2027
STR-025777-2025,THE COTTAGE ON GOLDEN ISLE,7209 GOLDEN ISLE WAY (GUEST HOUSE),Active,Short Term Rental,STR - Short Term Rental,Renewed,2026,8/4/2026,6/30/2027
STR-025749-2025,"THE DOCK HOUSE GA, LLC",5000 TAYLOR RD,Active,Short Term Rental,STR - Short Term Rental,Renewed,2026,6/29/2026,6/30/2027
STR-025066,THE NICKEL HOUSE LLC,633 SUNCREST BLVD,Active,Short Term Rental,STR - Short Term Rental,Renewed,2026,8/6/2026,6/30/2027
STR-024907,THE WOODSMEN LLC,406 SUNCREST BLVD,Active,Short Term Rental,STR - Short Term Rental,Renewed,2026,7/14/2026,6/30/2027
STR-025184-2025,"THREE DIAMONDS, LLC.",1707 KINGS WAY CT.,Applied,Short Term Rental,STR - Short Term Rental,Renewed,2027,6/29/2026,6/30/2027
STR-025573-2025,THU DUNG DANG,118 BINNACLE CT ,Active,Short Term Rental,STR - Short Term Rental,Renewed,2026,7/21/2026,6/30/2027
STR-025576-2025,THU DUNG DANG,105 BINNACLE COURT,Active,Short Term Rental,STR - Short Term Rental,Renewed,2026,7/21/2026,6/30/2027
STR-025622-2025,THUY CHAU NU ,105 BOWSPIRIT,Active,Short Term Rental,STR - Short Term Rental,Renewed,2026,7/21/2026,6/30/2027
STR-025860-2025,TIMOTHY & AMY FLYNN ,109 MAPMAKER COVE,Active,Short Term Rental,STR - Short Term Rental,Renewed,2026,8/5/2026,6/30/2027
STR-026235-2026,TISBURY PROPERTIES LLC,134 W TISBURY LN,Active,Short Term Rental,STR - Short Term Rental,Renewed,2027,7/21/2026,6/30/2027
STR-026508-2026,"TRAPHONER-LIU'S REAL ESTATE, LLC.",1333 HALCYON DR.,Active,Short Term Rental,STR - Short Term Rental,Issued,2026,6/23/2026,6/30/2027
STR-026545-2026,TROY BELDEN BRAY,132 WIMBLEDON DR.,Active,Short Term Rental,STR - Short Term Rental,Issued,2026,8/7/2026,6/30/2027
STR-025660-2025,TYLER & JENNIFER BROWN,31 RIVERS BEND DR,Active,Short Term Rental,STR - Short Term Rental,Renewed,2026,8/4/2026,6/30/2027
STR-025029,"VENTURE ON TYBEE, LLC.",2552 CRUSOE ISLAND DR.,Applied,Short Term Rental,STR - Short Term Rental,Renewed,2026,7/23/2026,6/30/2027
STR-025839-2025,VERITY GROUP LEASING LLC,301 MAPMAKER LANE,Active,Short Term Rental,STR - Short Term Rental,Renewed,2026,7/21/2026,6/30/2027
STR-025838-2025,VERITY GROUP LEASING LLC,140 CROSSOVER LN,Active,Short Term Rental,STR - Short Term Rental,Renewed,2026,7/14/2026,6/30/2027
STR-025967-2025,VERNON OAKS LLC,9219 WHITEFIELD AVENUE,Active,Short Term Rental,STR - Short Term Rental,Renewed,2026,7/22/2026,6/30/2027
STR-025831-2025,VINAYKUMAR PATEL,6101 LAROCHE AVENUE,Applied,Short Term Rental,STR - Short Term Rental,Renewed,2026,8/5/2026,6/30/2027
STR-025203-2025,WAI CHIK NG (JADE),112 LAURENS LN,Applied,Short Term Rental,STR - Short Term Rental,Renewed,2027,7/23/2026,6/30/2027
STR-024841,WALTHOUR INVESTMENT LLC,2324 EAST BLVD.,Applied,Short Term Rental,STR - Short Term Rental,Renewed,2026,6/22/2026,6/30/2027
STR-025745-2025,WENDY MOYNIHAN,1119 HALCYON DRIVE,Active,Short Term Rental,STR - Short Term Rental,Renewed,2026,7/17/2026,6/30/2027
STR-025746-2025,WENDY MOYNIHAN,1125 HALCYON,Active,Short Term Rental,STR - Short Term Rental,Renewed,2026,7/17/2026,6/30/2027
STR-025742-2025,WENDY MOYNIHAN,12 QUEENS CT,Active,Short Term Rental,STR - Short Term Rental,Renewed,2026,7/17/2026,6/30/2027
STR-026341-2026,WICKED WEATHER VENTURES,1507 WALTHOUR RD.,Active,Short Term Rental,STR - Short Term Rental,Renewed,2027,8/4/2026,6/30/2027
STR-025003,WICKED WEATHER VENTURES,6715 SAND RD,Applied,Short Term Rental,STR - Short Term Rental,Renewed,2026,8/4/2026,6/30/2027
STR-025276-2025,WILLIAM H. TUTEN JR.,1A CARDINAL RD,Active,Short Term Rental,STR - Short Term Rental,Renewed,2027,7/17/2026,6/30/2027
STR-025275-2025,WILLIAM H. TUTEN JR.,1B CARDINAL RD,Active,Short Term Rental,STR - Short Term Rental,Renewed,2027,7/17/2026,6/30/2027
STR-025747-2025,WILLIAM M. SIMON,41 PENROSE DRIVE,Active,Short Term Rental,STR - Short Term Rental,Renewed,2026,7/23/2026,6/30/2027
STR-025669-2025,WILLIAM RICHARDS,109 BLUELAKE BLVD,Active,Short Term Rental,STR - Short Term Rental,Renewed,2026,7/17/2026,6/30/2027
STR-025661-2025,WILLIAM SCHILDKNECHT & KAYLA HALL-FRANK,906 REITA STREET,Active,Short Term Rental,STR - Short Term Rental,Renewed,2026,7/21/2026,6/30/2027
STR-025722-2025,WILMINGTON ISL HISTORIC SAVANNAH & TYBEE ISLAND,7216 JOHNNY MERCER BLVD UNIT 1,Active,Short Term Rental,STR - Short Term Rental,Renewed,2026,7/22/2026,6/30/2027
STR-024875,WILMINGTON ISL HISTORIC SAVANNAH & TYBEE ISLAND,7216 JOHNNY MERCER BLVD UNIT 2,Active,Short Term Rental,STR - Short Term Rental,Renewed,2026,7/22/2026,6/30/2027
STR-025743-2025,WILMINGTON RIVER HOME LLC,730 WILMINGTON ISLAND RD,Active,Short Term Rental,STR - Short Term Rental,Renewed,2026,6/30/2026,6/30/2027
STR-026446-2026,WOODLANDS MANOR,5528 SILK HOPE ROAD,Active,Short Term Rental,STR - Short Term Rental,Renewed,2027,6/24/2026,6/30/2027
STR-024858,YANJO INC,223 STONEBRIDGE DR,Active,Short Term Rental,STR - Short Term Rental,Renewed,2026,7/21/2026,6/30/2027
STR-026181-2025,YELLOW DOOR PROPERTIES LLC,313 MAPMAKER LANE,Active,Short Term Rental,STR - Short Term Rental,Renewed,2026,7/17/2026,6/30/2027
STR-026522-2026,YIFTACH GOLAN,101 MARSH BLUFF DR.,Active,Short Term Rental,STR - Short Term Rental,Issued,2026,7/10/2026,6/30/2027
STR-026572-2026,YIFTACH GOLAN,109 STONEBRIDGE LN,Active,Short Term Rental,STR - Short Term Rental,Issued,2026,8/4/2026,6/30/2027
STR-025627-2025,"ZDS PROPERTY MANAGEMENT, LLC",518 POINTE SOUTH CIRCLE,Active,Short Term Rental,STR - Short Term Rental,Renewed,2026,7/22/2026,6/30/2027
